Company Name,URL
HDFC Bank,https://trendlyne.com/equity/533/HDFCBANK/hdfc-bank-ltd/
ICICI Bank,https://trendlyne.com/equity/584/ICICIBANK/icici-bank-ltd/
State Bank,https://trendlyne.com/equity/1193/SBIN/state-bank-of-india/
Bajaj Finance,https://trendlyne.com/equity/150/BAJFINANCE/bajaj-finance-ltd/
Kotak Mahindra Bank,https://trendlyne.com/equity/758/KOTAKBANK/kotak-mahindra-bank-ltd/
Axis Bank,https://trendlyne.com/equity/140/AXISBANK/axis-bank-ltd/
SBI Life Insurance,https://trendlyne.com/equity/60957/SBILIFE/sbi-life-insurance-company-ltd/
HDFC Life Insurance,https://trendlyne.com/equity/65394/HDFCLIFE/hdfc-life-insurance-company-ltd/
Power Finance,https://trendlyne.com/equity/1026/PFC/power-finance-corporation-ltd/
Cholamandalam,https://trendlyne.com/equity/262/CHOLAFIN/cholamandalam-investment-finance-company-ltd/
Bank of Baroda,https://trendlyne.com/equity/162/BANKBARODA/bank-of-baroda/
Punjab National Bank,https://trendlyne.com/equity/1048/PNB/punjab-national-bank/
Shriram Finance,https://trendlyne.com/equity/1288/SHRIRAMFIN/shriram-finance-ltd/
Union Bank,https://trendlyne.com/equity/1447/UNIONBANK/union-bank-of-india/
BSE,https://trendlyne.com/equity/52884/BSE/bse-ltd/
IDBI Bank,https://trendlyne.com/equity/588/IDBI/idbi-bank-ltd/
REC,https://trendlyne.com/equity/1119/RECLTD/rec-ltd/
Canara Bank,https://trendlyne.com/equity/232/CANBK/canara-bank/
HDFC AMC,https://trendlyne.com/equity/94155/HDFCAMC/hdfc-asset-management-company-ltd/
ICICI Prudential,https://trendlyne.com/equity/4714/ICICIPRULI/icici-prudential-life-insurance-company-ltd/
ICICI Lombard,https://trendlyne.com/equity/61147/ICICIGI/icici-lombard-general-insurance-company-ltd/
Muthoot Finance,https://trendlyne.com/equity/897/MUTHOOTFIN/muthoot-finance-ltd/
Indian Bank,https://trendlyne.com/equity/609/INDIANB/indian-bank/
Indian Overseas Bank,https://trendlyne.com/equity/638/IOB/indian-overseas-bank/
YES Bank,https://trendlyne.com/equity/1535/YESBANK/yes-bank-ltd/
General Insurance,https://trendlyne.com/equity/63527/GICRE/general-insurance-corporation-of-india/
IndusInd Bank,https://trendlyne.com/equity/625/INDUSINDBK/indusind-bank-ltd/
Sundaram Finance,https://trendlyne.com/equity/1311/SUNDARMFIN/sundaram-finance-ltd/
Bank of India,https://trendlyne.com/equity/163/BANKINDIA/bank-of-india/
Au SF Bank,https://trendlyne.com/equity/54902/AUBANK/au-small-finance-bank-ltd/
Max Financial,https://trendlyne.com/equity/845/MFSL/max-financial-services-ltd/
Federal Bank,https://trendlyne.com/equity/412/FEDERALBNK/federal-bank-ltd/
IDFC First Bank,https://trendlyne.com/equity/1786/IDFCFIRSTB/idfc-first-bank-ltd/
Housing and Urban,https://trendlyne.com/equity/54143/HUDCO/housing-and-urban-development-corporation-ltd/
Motilal Oswal,https://trendlyne.com/equity/879/MOTILALOFS/motilal-oswal-financial-services-ltd/
Nippon Life Asset Mgmt,https://trendlyne.com/equity/64356/NAM-INDIA/nippon-life-india-asset-management-ltd/
Bank of Maharashtra,https://trendlyne.com/equity/815/MAHABANK/bank-of-maharashtra/
L&T Finance,https://trendlyne.com/equity/777/LTF/l-t-finance-ltd/
UCO Bank,https://trendlyne.com/equity/1439/UCOBANK/uco-bank/
360 One Wam,https://trendlyne.com/equity/166089/360ONE/360-one-wam-ltd/
Authum Investment,https://trendlyne.com/equity/4204/AIIL/authum-investment-infrastructure-ltd/
Crisil,https://trendlyne.com/equity/292/CRISIL/crisil-ltd/
Central Bank,https://trendlyne.com/equity/250/CENTRALBK/central-bank-of-india/
M&M Financial,https://trendlyne.com/equity/808/M&MFIN/mahindra-mahindra-financial-services-ltd/
Central Depository,https://trendlyne.com/equity/53219/CDSL/central-depository-services-india-ltd/
Multi Commodity Exchange,https://trendlyne.com/equity/853/MCX/multi-commodity-exchange-of-india-ltd/
LIC Housing Finance,https://trendlyne.com/equity/790/LICHSGFIN/lic-housing-finance-ltd/
Poonawalla Fincorp,https://trendlyne.com/equity/813/POONAWALLA/poonawalla-fincorp-ltd/
The New Assurance,https://trendlyne.com/equity/65182/NIACL/the-new-india-assurance-company-ltd/
PNB Housing Finance,https://trendlyne.com/equity/4826/PNBHOUSING/pnb-housing-finance-ltd/
